{
	"class_name" : "PinholeCameraParameters",
	"extrinsic" : 
	[
		-0.89679614921934891,
		-0.42568793985672038,
		-0.12060864233498603,
		0.0,
		-0.23027396288398427,
		0.68183572874224052,
		-0.69431544778165744,
		0.0,
		0.37779699411595741,
		-0.59488638988556397,
		-0.709492504798936,
		0.0,
		0.40934021735208859,
		-0.25742623209913029,
		0.91211259279375889,
		1.0
	],
	"intrinsic" : 
	{
		"height" : 1016,
		"intrinsic_matrix" : 
		[
			879.88181024498977,
			0.0,
			0.0,
			0.0,
			879.88181024498977,
			0.0,
			924.5,
			507.5,
			1.0
		],
		"width" : 1850
	},
	"version_major" : 1,
	"version_minor" : 0
}